Type,FormattedID,Name,Description,State,Owner,Project,Release,Iteration,PlanEstimate,ScheduleState,AcceptedDate,CreationDate,LastUpdateDate,Tags,PercentDoneByStoryCount,PercentDoneByStoryPlanEstimate,ParentID,ParentName,Feature,WorkProduct,Estimate,Actuals,ToDo
Feature,F-001,User Authentication,Implement secure user authentication with SSO and JWT,Accepted,Alice Johnson,Platform Team,FY2026-Q1,Sprint 4,34,,2026-04-10T00:00:00Z,2026-02-01T10:00:00Z,2026-04-10T10:00:00Z,security,100,100,,,,,,,
Feature,F-002,Dashboard Redesign,Modernize the analytics dashboard with real-time data,In-Progress,Bob Smith,Platform Team,FY2026-Q1,Sprint 5,21,,,,2026-02-15T10:00:00Z,2026-04-11T10:00:00Z,ui,60,55,,,,,,,
Feature,F-003,API Integration,Expose internal services via REST API,Defined,Carol White,Platform Team,FY2026-Q1,Sprint 6,13,,,,2026-03-01T10:00:00Z,2026-04-12T10:00:00Z,api,10,8,,,,,,,
UserStory,US-001,Implement JWT token validation,Build JWT validation middleware for all API endpoints,Accepted,Alice Johnson,Platform Team,FY2026-Q1,Sprint 3,,Accepted,2026-04-01T00:00:00Z,2026-02-05T10:00:00Z,2026-04-01T10:00:00Z,,,,F-001,User Authentication,F-001,,,,,
UserStory,US-002,Add refresh token support,Implement refresh token rotation with 30-day expiry,Accepted,Dave Lee,Platform Team,FY2026-Q1,Sprint 3,,Accepted,2026-04-03T00:00:00Z,2026-02-06T10:00:00Z,2026-04-03T10:00:00Z,,,,F-001,User Authentication,F-001,,,,,
UserStory,US-003,Single sign-on (SSO) integration,Integrate Okta SSO for enterprise customers,Accepted,Alice Johnson,Platform Team,FY2026-Q1,Sprint 4,,Accepted,2026-04-10T00:00:00Z,2026-02-10T10:00:00Z,2026-04-10T10:00:00Z,,,,F-001,User Authentication,F-001,,,,,
UserStory,US-004,Dashboard widget layout redesign,Redesign the widget grid to support drag-and-drop,Accepted,Eve Martinez,Platform Team,FY2026-Q1,Sprint 4,,Accepted,2026-04-09T00:00:00Z,2026-02-20T10:00:00Z,2026-04-09T10:00:00Z,,,,F-002,Dashboard Redesign,F-002,,,,,
UserStory,US-005,Performance chart component,Build reusable D3.js chart component for KPI metrics,Accepted,Frank Chen,Platform Team,FY2026-Q1,Sprint 4,,Accepted,2026-04-08T00:00:00Z,2026-02-22T10:00:00Z,2026-04-08T10:00:00Z,,,,F-002,Dashboard Redesign,F-002,,,,,
UserStory,US-006,Real-time data refresh for dashboard,Add WebSocket support for live dashboard updates,In-Progress,Eve Martinez,Platform Team,FY2026-Q1,Sprint 5,,In-Progress,,2026-03-01T10:00:00Z,2026-04-11T10:00:00Z,,,,F-002,Dashboard Redesign,F-002,,,,,
UserStory,US-007,API rate limiting and throttling,Implement per-client rate limiting using Redis,In-Progress,Grace Kim,Platform Team,FY2026-Q1,Sprint 5,,In-Progress,,2026-03-05T10:00:00Z,2026-04-11T10:00:00Z,,,,F-003,API Integration,F-003,,,,,
UserStory,US-008,Webhook event processing,Build webhook dispatcher for third-party integrations,Defined,Henry Wang,Platform Team,FY2026-Q1,Sprint 6,,Defined,,2026-03-10T10:00:00Z,2026-04-12T10:00:00Z,,,,F-003,API Integration,F-003,,,,,
Task,TA-001,Write JWT middleware unit tests,Unit tests for token validation edge cases,Completed,Alice Johnson,Platform Team,,Sprint 3,,,,2026-03-28T10:00:00Z,2026-03-28T10:00:00Z,,,,,,,US-001,4,4,0
Task,TA-002,Implement token blacklist,Redis-backed token blacklist for logout,Completed,Dave Lee,Platform Team,,Sprint 3,,,,2026-03-29T10:00:00Z,2026-03-29T10:00:00Z,,,,,,,US-001,6,7,0
Task,TA-003,Rotate refresh tokens on use,Security hardening - single-use refresh tokens,Completed,Dave Lee,Platform Team,,Sprint 3,,,,2026-04-02T10:00:00Z,2026-04-02T10:00:00Z,,,,,,,US-002,4,4,0
Task,TA-004,Okta SAML configuration,Configure Okta SAML 2.0 app for the tenant,Completed,Alice Johnson,Platform Team,,Sprint 4,,,,2026-04-08T10:00:00Z,2026-04-08T10:00:00Z,,,,,,,US-003,8,8,0
Task,TA-005,SSO login flow integration tests,End-to-end tests for SSO login redirect,Completed,Alice Johnson,Platform Team,,Sprint 4,,,,2026-04-09T10:00:00Z,2026-04-09T10:00:00Z,,,,,,,US-003,3,4,0
Task,TA-006,Implement drag-and-drop grid,React DnD library integration for dashboard,Completed,Eve Martinez,Platform Team,,Sprint 4,,,,2026-04-07T10:00:00Z,2026-04-07T10:00:00Z,,,,,,,US-004,6,5,0
Task,TA-007,Chart data aggregation service,Backend aggregation endpoint for chart data,Completed,Frank Chen,Platform Team,,Sprint 4,,,,2026-04-06T10:00:00Z,2026-04-06T10:00:00Z,,,,,,,US-005,4,4,0
Task,TA-008,WebSocket server setup,Configure AWS API Gateway WebSocket API,In-Progress,Eve Martinez,Platform Team,,Sprint 5,,,,2026-04-10T10:00:00Z,2026-04-11T10:00:00Z,,,,,,,US-006,6,3,3
Task,TA-009,Redis rate limit implementation,Sliding window rate limiter using Redis ZSET,In-Progress,Grace Kim,Platform Team,,Sprint 5,,,,2026-04-10T10:00:00Z,2026-04-11T10:00:00Z,,,,,,,US-007,5,2,3
Task,TA-010,Webhook signature validation,Implement HMAC-SHA256 webhook signature check,Defined,Henry Wang,Platform Team,,Sprint 6,,,,2026-04-12T10:00:00Z,2026-04-12T10:00:00Z,,,,,,,US-008,4,0,4
Task,TA-011,Webhook retry mechanism,Exponential backoff retry for failed deliveries,Defined,Henry Wang,Platform Team,,Sprint 6,,,,2026-04-12T10:00:00Z,2026-04-12T10:00:00Z,,,,,,,US-008,3,0,3
Task,TA-012,API documentation,OpenAPI 3.0 spec generation and Swagger UI,Defined,Carol White,Platform Team,,Sprint 6,,,,2026-04-12T10:00:00Z,2026-04-12T10:00:00Z,,,,,,,US-007,2,0,2
